{
	"width": 925,
	"height": 820,
	"linearGradients": [
		{
		"#1-1": [
					[0.00103083,0.00915338,0.869677],
					[0.00982018,0.0871997,0.31311],
					[-0.0521596,-0.463159,0.364642],
					[0.0011191,0.00993718,0.990245]
				],
		"#1-2": [
					[-0.222164,0.427111,0.702943],
					[-0.20383,0.391864,0.198583],
					[0.260431,-0.50068,0.314852],
					[-0.00461461,0.0088716,0.990439]
				],
		"#1-3": [
					[-0.207687,0.978195,0.282856],
					[-0.207687,0.978195,0.213263],
					[-0.137765,0.648867,0.43804],
					[-0.000119477,0.000562732,1]
				],
		"#1-4": [
					[-0.251162,0.399503,0.705183],
					[-0.251313,0.399742,0.199139],
					[0.200079,-0.318249,0.244418],
					[-0.00532242,0.00846592,0.990783]
				]
		},
		{
		"#2-1": [
					[-0.211199,0.977443,0.296698],
					[-0.211199,0.977443,0.352587],
					[-0.211199,0.977443,0.481412],
					[-0.102589,0.474789,0.556994]
				],
		"#2-2": [
					[0.0255117,0.0138242,1],
					[-0.0742572,-0.0402383,0.655094],
					[0.072839,0.0394699,0.0424567],
					[-0.0532043,-0.0288302,0.875508]
				]
		},
		{
		"#3-1": [
					[0.0079822,0,1],
					[0.00456388,0,1],
					[-0.0548333,-0,0.861578],
					[-0.394169,-0,0.485199]
				],
		"#3-2": [
					[0.00795781,0.00390308,0.476315],
					[0.0333637,0.016364,-0.0289162],
					[-0.0102444,-0.00502457,0.351861],
					[0.0622586,0.0305361,0.721614]
				]
		},
		{
		"#4-1": [
					[0.327161,0.067974,0.942883],
					[0.179406,0.0372751,0.984467],
					[0.191806,0.0398515,0.988566],
					[0.122009,0.0253497,0.796537]
				]
		}
	]
}
