{
	"width": 500,
	"height": 500,
	"linearGradients": [
		{
		"#1-1": [
					[-0.00279808,0.223795,0.304046],
					[0.00165458,-0.132336,0.150671],
					[-0.00111433,0.0891257,0.384392],
					[-0,0,0.991605]
				]
		},
		{
		"#2-1": [
					[-0.02438,-0.00827895,0.945213],
					[-0.0934148,-0.0317218,0.0929967],
					[0.683187,0.231997,0.124384],
					[0.330286,0.112159,0.379147]
				],
		"#2-2": [
					[0.240523,0,0.210839],
					[0.102889,0,0.120773],
					[-0.192454,-0,0.716],
					[0.466198,0,0.413342]
				],
		"#2-3": [
					[0.301326,0.078231,0.0638398],
					[0.210245,0.0545844,0.0192304],
					[-0.0320086,-0.00831015,0.484181],
					[-9.66872e-05,-2.51022e-05,0.800073]
				]
		},
		{
		"#3-1": [
					[-0.436823,-0.499399,1],
					[0.0243689,0.0278599,0.116042],
					[0.232127,0.26538,-0.281489],
					[0.435059,0.497384,-0.298506]
				],
		"#3-2": [
					[0.000935262,0.00200378,-0.00325013],
					[0.200945,0.430521,-0.155675],
					[-0.106133,-0.227387,0.459076],
					[0.209245,0.448303,0.0018063]
				]
		}
	]
}
