{
	"width": 410,
	"height": 881,
	"linearGradients": [
		{
		"#1-1": [
					[-0.820165,-0.16813,0.878048],
					[-0.866727,-0.177675,0.871321],
					[-0.771031,-0.158058,0.884137],
					[0,0,0.99]
				],
		"#1-2": [
					[0.0112312,0,0.996845],
					[-0.025177,-0,0.695359],
					[-0.0953878,-0,0.0261558],
					[0.01,0,0.998838]
				],
		"#1-3": [
					[0.0653845,0.0384342,0.403212],
					[0.0835046,0.0490855,0.262116],
					[0.0860209,0.0505646,0.274868],
					[0.00862091,0.00506753,0.99]
				],
		"#1-4": [
					[0.294461,0.0289983,0.451606],
					[0.3319,0.0326853,0.39853],
					[0.29966,0.0295103,0.46058],
					[0.00995186,0.000980053,0.99]
				]
		},
		{
		"#2-1": [
					[0.00015718,0.000833196,1],
					[0.000377463,0.0020009,1],
					[-0.00478721,-0.0253766,1],
					[-0.185377,-0.982667,0.55773]
				],
		"#2-2": [
					[-0.0297814,-4.64415e-05,0.983023],
					[0.261441,0.000407694,0.924184],
					[0.830706,0.00129541,0.762074],
					[-0.0519622,-8.10304e-05,0.812371]
				],
		"#2-3": [
					[0.0578741,0.0045488,0.99061],
					[0.0728307,0.00572436,0.968552],
					[0.129214,0.0101559,0.775886],
					[0.0987351,0.0077604,0.7681]
				],
		"#2-4": [
					[0.0365284,0.0142707,1],
					[0.0139415,0.00544655,1],
					[-0.087008,-0.0339917,0.932148],
					[-0.161004,-0.0628998,1]
				],
		"#2-5": [
					[0.316159,0.0381747,-0.10432],
					[0.183285,0.0221308,0.0171371],
					[0.304022,0.0367092,-0.0842377],
					[-0.352068,-0.0425105,0.646925]
				]
		},
		{
		"#3-1": [
					[0.0209132,0.999781,-0.204863],
					[0.0209132,0.999781,-0.214875],
					[0.0209132,0.999781,-0.201674],
					[0.0209132,0.999781,-0.212369]
				],
		"#3-2": [
					[-0.682313,0.293377,0.605468],
					[-0.231331,0.0994663,0.808109],
					[-0.730658,0.314164,0.261163],
					[0.0763253,-0.0328179,0.785089]
				],
		"#3-3": [
					[0.0191462,0.0554554,0.983134],
					[0.0106373,0.0308099,0.989821],
					[-0.00422253,-0.0122302,1],
					[-0.0611555,-0.177131,0.371684]
				],
		"#3-4": [
					[-0.874497,-0.145115,1],
					[-0.380922,-0.0632107,1],
					[-0.98651,-0.163703,0.717237],
					[0.558784,0.0927254,0.403137]
				],
		"#3-5": [
					[0.539842,0,0.483562],
					[0.358189,0,0.659092],
					[0.691533,0,0.335162],
					[1,0,-0.700351]
				]
		}
	]
}
