{
	"width": 285,
	"height": 430,
	"linearGradients": [
		{
		"#1-1": [
					[-0.290411,-0,0.253035],
					[-0.287403,-0,0.24347],
					[-0.304295,-0,0.258383],
					[0.00999291,0,0.999234]
				]
		},
		{
		"#2-1": [
					[0.00010501,0.00119132,1],
					[0.000248796,0.00282256,1],
					[0.000150016,0.00170191,1],
					[-0.0878051,-0.996138,0.602102]
				],
		"#2-2": [
					[0.998946,0.0458946,-0.640298],
					[0.998946,0.0458946,-0.637358],
					[0.998946,0.0458946,-0.635312],
					[0.998946,0.0458946,-0.0990095]
				]
		},
		{
		"#3-1": [
					[-0.453489,-0,0.482849],
					[-0.395114,-0,0.481205],
					[-0.309568,-0,0.473464],
					[-0.0528625,-0,0.81558]
				]
		},
		{
		"#4-1": [
					[0.817804,0,0.308545],
					[-0.677596,-0,0.64025],
					[0.0442409,0,1],
					[-0.38177,-0,0.943082]
				]
		}
	]
}
