{
	"width": 500,
	"height": 500,
	"linearGradients": [
		{
		"#1-1": [
					[-0.169485,-0.105178,0.340434],
					[-0.167743,-0.104097,0.331622],
					[-0.176113,-0.109291,0.343149],
					[0,0,0.994161]
				]
		},
		{
		"#2-1": [
					[0.000642435,0.00364826,0.99796],
					[0.00136635,0.00775923,0.981887],
					[-0.00286262,-0.0162563,1],
					[-0.0102044,-0.0579488,0.818352]
				]
		},
		{
		"#3-1": [
					[-0.0190153,-0.0689838,1],
					[-0.00489473,-0.0177571,0.968047],
					[-0.0105903,-0.0384194,0.997334],
					[-0.00974909,-0.0353678,0.729334]
				],
		"#3-2": [
					[-0.241143,-0,1],
					[-0.831193,-0,1],
					[-0.136793,-0,0.0535081],
					[0.186371,0,0.724158]
				],
		"#3-3": [
					[0.450347,0.892854,-0.2816],
					[0.450347,0.892854,-0.40659],
					[0.450347,0.892854,-0.466241],
					[0.450347,0.892854,-0.357093]
				]
		},
		{
		"#4-1": [
					[-0.0511722,-0,1],
					[0.225503,0,0.77189],
					[1,0,0.277639],
					[0.266951,0,0.670127]
				]
		}
	]
}
