{
	"width": 500,
	"height": 500,
	"linearGradients": [
		{
		"#1-1": [
					[0.501435,0.541499,-0.0225016],
					[-0.00936606,-0.0101144,1],
					[-0.000491154,-0.000530396,0.000187656],
					[0.00659364,0.00712045,0.991329]
				]
		},
		{
		"#2-1": [
					[0.878648,0.272796,0.0138734],
					[0.87609,0.272002,0.0432205],
					[-0.425348,-0.132059,0.472399],
					[0.0157451,0.00488842,0.511927]
				],
		"#2-2": [
					[-0.227564,-0.124237,0.607792],
					[0.617475,0.337107,-0.0672328],
					[0.0555661,0.030336,0.207395],
					[0.442054,0.241337,0.304919]
				]
		},
		{
		"#3-1": [
					[-0.0194391,-0.00211054,0.0136484],
					[-0.264778,-0.0287474,0.497722],
					[0.130488,0.0141673,0.0225179],
					[-0.191499,-0.0207914,0.599326]
				],
		"#3-2": [
					[-0.0231175,-0.00884988,0.473044],
					[-0.41887,-0.160352,0.519052],
					[0.508057,0.194495,-0.163822],
					[0.0232346,0.00889471,0.33161]
				]
		},
		{
		"#4-1": [
					[0.0943398,0.0377754,-0.0599368],
					[-0.339309,-0.135866,0.633448],
					[0.694838,0.278226,-0.132926],
					[0.12367,0.0495198,0.0899002]
				]
		}
	]
}
