{
	"width": 500,
	"height": 500,
	"linearGradients": [
		{
		"#1-1": [
					[0.00121775,0.00124966,-0.00277614],
					[-0.0169472,-0.0173913,0.530332],
					[0.251982,0.258585,-0.00973204],
					[0.00133401,0.00136897,1]
				]
		},
		{
		"#2-1": [
					[-0.486364,-0.19237,0.540461],
					[0.0467849,0.0185046,0.209899],
					[0.0743927,0.0294242,0.144297],
					[-0.0851831,-0.0336921,0.698507]
				],
		"#2-2": [
					[0.298778,0.143464,-0.0967783],
					[-0.266469,-0.127951,0.905814],
					[0.082081,0.0394129,0.0361444],
					[-0.072762,-0.0349382,0.426144]
				]
		},
		{
		"#3-1": [
					[-0.0217645,-0.0292259,0.651178],
					[-0.116747,-0.156771,0.132635],
					[0.236495,0.317571,0.159475],
					[0.22679,0.304539,0.157701]
				],
		"#3-2": [
					[-0.266308,-0.217158,1],
					[0.0797177,0.065005,0.0276395],
					[0.366483,0.298845,-0.148071],
					[-0.168723,-0.137584,0.366072]
				]
		},
		{
		"#4-1": [
					[-0.074272,-0,0.12221],
					[-0.912795,-0,1],
					[0.0663852,0,0.00105234],
					[-0.0626667,-0,0.235757]
				]
		}
	]
}
