{
	"width": 925,
	"height": 820,
	"linearGradients": [
		{
		"#1-1": [
					[0.00274045,0.0264079,0.862082],
					[0.0182373,0.175741,0.274177],
					[-0.0461269,-0.444495,0.358636],
					[0.00103219,0.00994659,0.993692]
				],
		"#1-2": [
					[-0.322225,0.584813,0.663805],
					[-0.269047,0.4883,0.178679],
					[0.264777,-0.480549,0.307657],
					[-0,0,0.99612]
				],
		"#1-3": [
					[-0.321542,0.437999,0.731944],
					[-0.286486,0.390246,0.228736],
					[0.226618,-0.308695,0.219576],
					[-0.00591774,0.00806104,0.990417]
				],
		"#1-4": [
					[2.38821e-06,4.34076e-08,0.999996],
					[3.74938e-05,6.8148e-07,0.497568],
					[8.57792e-05,1.55911e-06,0.152126],
					[5.77571e-05,1.04978e-06,0.999075]
				]
		},
		{
		"#2-1": [
					[-0.202757,0.979229,0.289996],
					[-0.202757,0.979229,0.347143],
					[-0.202757,0.979229,0.477504],
					[-0.0929664,0.448988,0.568022]
				],
		"#2-2": [
					[-0.190153,0.981754,0.239173],
					[-0.190153,0.981754,0.285274],
					[-0.166172,0.857943,0.474757],
					[-0.0316244,0.163276,0.723237]
				],
		"#2-3": [
					[0.0683247,0.00470074,0.410419],
					[0.0638486,0.00439279,-0.0526405],
					[-0.0245048,-0.00168593,0.364311],
					[0.102761,0.00706999,0.694689]
				]
		},
		{
		"#3-1": [
					[0.00732155,0.000133823,1],
					[0.00401326,7.33542e-05,1],
					[-0.0996911,-0.00182215,0.875741],
					[-0.37633,-0.00687854,0.479913]
				]
		},
		{
		"#4-1": [
					[0.265108,0.0401878,0.958964],
					[0.0992196,0.0150407,0.998274],
					[0.134639,0.02041,1],
					[0.0550932,0.00835159,0.80716]
				]
		}
	]
}
