{
	"width": 393,
	"height": 671,
	"linearGradients": [
		{
		"#1-1": [
					[-0.111831,-0.045979,0.811937],
					[-0.0867606,-0.0356714,0.819629],
					[-0.065226,-0.0268175,0.80787],
					[0.00914552,0.00376016,0.990099]
				],
		"#1-2": [
					[-0.0017988,-0,1],
					[-0.950064,-0,1],
					[-0.0546792,-0,0.0452186],
					[0.01,0,0.993615]
				],
		"#1-3": [
					[-0.11627,-0.500495,0.997129],
					[-0.112778,-0.485463,0.995839],
					[-0.1109,-0.477378,1],
					[0,0,0.99]
				]
		},
		{
		"#2-1": [
					[0.262674,0,0.507996],
					[0.185895,0,0.522215],
					[0.155538,0,0.514586],
					[1,0,0.429475]
				],
		"#2-2": [
					[0.0250621,-0.213754,0.163751],
					[0.0287195,-0.244948,0.188267],
					[0.0342444,-0.29207,0.230562],
					[-0.09767,0.833025,-0.27226]
				],
		"#2-3": [
					[0.359846,0,0.949742],
					[0.321181,0,0.955365],
					[0.310528,0,0.956462],
					[-0.310055,-0,0.741582]
				],
		"#2-4": [
					[0.534764,0.715267,-0.182919],
					[0.548222,0.733267,-0.180476],
					[0.598058,0.799924,-0.236727],
					[0.598791,0.800905,0.225726]
				],
		"#2-5": [
					[0.000791589,-0.00106649,1],
					[0.00829629,-0.0111774,1],
					[-0.596002,0.802983,0.965271],
					[-0.596002,0.802983,0.813742]
				],
		"#2-6": [
					[0.00785412,0.24233,0.9301],
					[0.0323938,0.999475,0.72151],
					[0.0323938,0.999475,0.719257],
					[0.0323938,0.999475,0.523584]
				],
		"#2-7": [
					[-0.0408513,0.0341253,1],
					[-0.0600271,0.0501439,0.985457],
					[0.0288808,-0.0241257,0.96774],
					[-0.0358226,0.0299246,0.527454]
				]
		},
		{
		"#3-1": [
					[0.431553,0.0245371,0.882675],
					[0.386552,0.0219784,0.915814],
					[0.441029,0.0250759,0.911948],
					[0.306088,0.0174035,0.392851]
				],
		"#3-2": [
					[-0.317159,0.948372,-0.328435],
					[-0.317159,0.948372,-0.311595],
					[-0.317159,0.948372,-0.306042],
					[-0.317159,0.948372,0.0762057]
				],
		"#3-3": [
					[0.0377365,0,0.246852],
					[-0.735559,-0,0.70019],
					[-0.162875,-0,0.203478],
					[0.0314721,0,0.203479]
				],
		"#3-4": [
					[-0.0386239,-0.0361591,1],
					[-0.0556717,-0.052119,1],
					[0.41002,0.383854,0.608993],
					[-0.0896628,-0.0839409,0.441405]
				]
		},
		{
		"#4-1": [
					[-0.997493,-0.0707589,0.105011],
					[-0.997493,-0.0707589,0.116397],
					[-0.997493,-0.0707589,0.127402],
					[0.997493,0.0707589,0.409334]
				],
		"#4-2": [
					[1,0,0.89296],
					[1,0,0.894502],
					[1,0,0.891948],
					[1,0,0.718347]
				],
		"#4-3": [
					[0.166809,-0.246385,0.159643],
					[0.0531273,-0.0784717,0.0483147],
					[0.0654004,-0.0965998,0.0727101],
					[-0.560624,0.82807,-0.255308]
				],
		"#4-4": [
					[-0.0705151,-0.0494471,1],
					[0.00827572,0.00580315,0.998681],
					[0.0226252,0.0158654,0.410259],
					[-0.81876,-0.574136,0.817053]
				],
		"#4-5": [
					[-0.61949,-0.107073,1],
					[-0.403927,-0.0698148,1],
					[-0.374026,-0.0646468,1],
					[-0.209018,-0.0361266,1]
				]
		},
		{
		"#5-1": [
					[0.0175879,0.00135668,0.999957],
					[-0.303198,-0.0233879,1],
					[0.183344,0.0141427,0.537245],
					[0.0959072,0.00739803,0.59361]
				]
		}
	]
}
