{
	"width": 383,
	"height": 600,
	"linearGradients": [
		{
		"#1-1": [
					[-0.0044044,0.00693175,0.998545],
					[0.0120497,-0.0189642,0.99039],
					[0.0171901,-0.0270543,0.999668],
					[-0.00536293,0.00844032,0.993205]
				]
		},
		{
		"#2-1": [
					[1,0,0.0626868],
					[0.733086,0,0.302866],
					[0.289186,0,0.71246],
					[0.596591,0,0.460755]
				],
		"#2-2": [
					[0.0024116,0.00814165,0.995479],
					[0.247809,0.836611,0.352398],
					[0.284008,0.958822,-0.432313],
					[-0.284008,-0.958822,0.905533]
				]
		},
		{
		"#3-1": [
					[-0.95364,-0.300951,0.766151],
					[-0.504652,-0.159259,0.998002],
					[-0.259433,-0.0818723,0.402353],
					[0.95364,0.300951,0.327733]
				],
		"#3-2": [
					[0.000864159,0.00101753,1],
					[-0.0743555,-0.0875525,1],
					[0.647324,0.762215,-0.438488],
					[-0.476101,-0.560602,1]
				]
		},
		{
		"#4-1": [
					[0.0546147,0,0.924688],
					[0.47227,0,0.373116],
					[0.795806,0,-0.0641769],
					[0.430388,0,0.291062]
				]
		}
	]
}
