{
	"width": 383,
	"height": 600,
	"linearGradients": [
		{
		"#1-1": [
					[-0.00651473,-0,1],
					[0.0564928,0,0.9371],
					[0.0053149,0,1],
					[0.01,0,0.990786]
				]
		},
		{
		"#2-1": [
					[0.925964,0.377611,-0.00588349],
					[0.925964,0.377611,0.212064],
					[0.142693,0.0581907,0.721865],
					[0.82834,0.337799,0.346098]
				],
		"#2-2": [
					[0.0870449,0,0.888536],
					[0.545764,0,0.249221],
					[1,0,-0.318591],
					[0.406981,0,0.200161]
				]
		},
		{
		"#3-1": [
					[-0.959837,-0.280557,0.697494],
					[-0.505341,-0.14771,1],
					[-0.0814685,-0.023813,0.256095],
					[0.959837,0.280557,0.291566]
				],
		"#3-2": [
					[0.0234088,0.0336032,0.971293],
					[0.228738,0.328351,0.551297],
					[0.571602,0.820531,-0.422334],
					[-0.399873,-0.574015,1]
				]
		},
		{
		"#4-1": [
					[-0.87028,-0.492558,0.949428],
					[-0.602171,-0.340814,1],
					[0.531248,0.300674,0.185519],
					[-0.719494,-0.407216,1]
				]
		}
	]
}
