{
	"width": 500,
	"height": 500,
	"linearGradients": [
		{
		"#1-1": [
					[0.00221061,0.00234824,-0.00354851],
					[-0.0121053,-0.012859,0.520852],
					[0.249757,0.265306,-0.0132616],
					[0.000995623,0.00105761,1]
				]
		},
		{
		"#2-1": [
					[0.347897,0.0830489,-0.042013],
					[-0.330477,-0.0788904,0.929417],
					[0.0608671,0.01453,0.0323301],
					[-0.0532029,-0.0127004,0.343938]
				],
		"#2-2": [
					[0.124015,0.168789,0.491011],
					[-0.2429,-0.330597,0.280412],
					[0.272715,0.371177,0.121969],
					[0.173629,0.236316,0.229803]
				]
		},
		{
		"#3-1": [
					[-0.855712,-0.288887,0.985435],
					[0.0368624,0.0124447,-0.011261],
					[-0.063626,-0.02148,0.270438],
					[-0.0690776,-0.0233205,0.386542]
				],
		"#3-2": [
					[-0.0480802,-0,0.0766142],
					[-0.871494,-0,1],
					[0.0832367,0,-0.00793765],
					[-0.0768553,-0,0.255661]
				]
		},
		{
		"#4-1": [
					[-0.558064,-0.215152,1],
					[0.220294,0.0849306,0.0445828],
					[0.420495,0.162115,-0.0849197],
					[-0.0505897,-0.019504,0.26169]
				]
		}
	]
}
