{
	"width": 500,
	"height": 500,
	"linearGradients": [
		{
		"#1-1": [
					[0.0538182,0.0613782,0.387168],
					[-0.0896264,-0.102216,0.190057],
					[0.0420319,0.0479363,0.389481],
					[0.00567669,0.00647411,0.99]
				]
		},
		{
		"#2-1": [
					[0.373743,0,0.131427],
					[0.213339,0,0.0686352],
					[-0.267424,-0,0.793547],
					[0.474877,0,0.324003]
				],
		"#2-2": [
					[0.331351,0.113537,-0.0189946],
					[0.304205,0.104235,-0.049265],
					[-0.052303,-0.0179215,0.510269],
					[-0.0420886,-0.0144216,0.670251]
				],
		"#2-3": [
					[0.469429,0,-0.240131],
					[0.115218,0,0.0333517],
					[-0.032717,-0,0.382189],
					[1,0,-0.154798]
				]
		},
		{
		"#3-1": [
					[-0.756544,-0.244614,1],
					[0.228301,0.0738166,-0.0359476],
					[0.202099,0.0653446,-0.139849],
					[0.332082,0.107372,0.0212878]
				],
		"#3-2": [
					[-0.00200404,-0,0.000841571],
					[0.155325,0,0.040857],
					[-0.294465,-0,0.530985],
					[0.156406,0,0.299578]
				]
		},
		{
		"#4-1": [
					[-0.0194602,-0.00627316,0.866093],
					[-0.0201197,-0.00648574,0.0449035],
					[0.65966,0.212647,0.119687],
					[0.348852,0.112455,0.368766]
				]
		}
	]
}
