{
	"width": 383,
	"height": 600,
	"linearGradients": [
		{
		"#1-1": [
					[-0.0020911,-0,1],
					[0.00910058,0,0.992792],
					[0.0125185,0,0.99182],
					[0,0,1]
				]
		},
		{
		"#2-1": [
					[1,0,0.0663526],
					[0.724791,0,0.302184],
					[0.227453,0,0.727259],
					[0.590144,0,0.464998]
				],
		"#2-2": [
					[0.0622844,0,0.916649],
					[0.450287,0,0.394727],
					[0.716617,0,0.0400114],
					[0.502705,0,0.298085]
				]
		},
		{
		"#3-1": [
					[-0.953427,-0.301625,0.768267],
					[-0.473729,-0.149868,0.981367],
					[-0.234362,-0.0741424,0.391198],
					[0.953427,0.301625,0.329499]
				],
		"#3-2": [
					[0.00134879,0.00215183,0.998455],
					[0.151527,0.241742,0.624623],
					[0.531102,0.847308,-0.410764],
					[-0.390658,-0.623247,1]
				]
		}
	]
}
