{
	"width": 500,
	"height": 500,
	"linearGradients": [
		{
		"#1-1": [
					[-0.250399,-0.249726,0.5016],
					[0.239718,0.239073,0.0186359],
					[0.255039,0.254353,-0.00656636],
					[0,0,1]
				]
		},
		{
		"#2-1": [
					[-0.859687,-0,0.791811],
					[-0.255925,-0,0.153098],
					[-0.301081,-0,0.240386],
					[0.322417,0,0.153659]
				],
		"#2-2": [
					[0.946,0.324168,-0.0410788],
					[0.0964425,0.0330482,0.895037],
					[-0.0232246,-0.00795842,0.0288358],
					[-0.0581031,-0.0199103,0.292955]
				]
		},
		{
		"#3-1": [
					[0.713694,0.677785,-0.039031],
					[0.591631,0.561864,0.424315],
					[-0.00163399,-0.00155178,0.000289967],
					[-0.471156,-0.447451,0.579798]
				],
		"#3-2": [
					[-0.59032,-0.279538,0.807881],
					[0.300935,0.142504,0.315622],
					[0.338461,0.160273,0.276827],
					[0.553029,0.261879,-0.25662]
				]
		},
		{
		"#4-1": [
					[-0.36368,-0.0979689,1],
					[-0.0207147,-0.00558016,0.0178723],
					[0.421605,0.113573,-0.0468059],
					[-0.170303,-0.0458767,0.486522]
				]
		}
	]
}
