{
	"width": 285,
	"height": 430,
	"linearGradients": [
		{
		"#1-1": [
					[-0.229396,-0.116033,0.255828],
					[-0.202946,-0.102654,0.219272],
					[-0.229854,-0.116265,0.251253],
					[0.0089234,0.00451364,0.998894]
				]
		},
		{
		"#2-1": [
					[-0.0293324,-0.0184987,0.771737],
					[0.197442,0.124518,0.681659],
					[0.323615,0.20409,0.618688],
					[-0.619192,-0.390497,0.88945]
				],
		"#2-2": [
					[0.998268,0.058826,-0.645165],
					[0.998268,0.058826,-0.642243],
					[0.998268,0.058826,-0.6406],
					[0.998268,0.058826,-0.10566]
				]
		},
		{
		"#3-1": [
					[-0.49122,-0.871035,0.828776],
					[-0.49122,-0.871035,0.831493],
					[-0.49122,-0.871035,0.834036],
					[-0.0490216,-0.0869254,0.85896]
				],
		"#3-2": [
					[0.842519,0,0.2968],
					[-0.634404,-0,0.619396],
					[0.0476677,0,1],
					[-0.316201,-0,0.903862]
				]
		}
	]
}
