{
	"width": 925,
	"height": 820,
	"linearGradients": [
		{
		"#1-1": [
					[0.000626983,0.00565217,0.871166],
					[0.00670624,0.0604559,0.325378],
					[-0.0528123,-0.476097,0.370393],
					[0.00110252,0.00993904,0.99]
				],
		"#1-2": [
					[-0.221942,0.421807,0.705724],
					[-0.200581,0.381209,0.204119],
					[0.259401,-0.492998,0.314501],
					[-0.00465645,0.00884971,0.993767]
				],
		"#1-3": [
					[-0.275498,0.452637,0.691967],
					[-0.257993,0.423877,0.189839],
					[0.191618,-0.314824,0.249073],
					[-0.0051992,0.00854215,0.99]
				],
		"#1-4": [
					[0.00292367,0.000929844,0.580416],
					[0.00625981,0.00199087,0.101455],
					[0.00490817,0.00156099,0.295414],
					[0.00696292,0.00221449,0.9907]
				]
		},
		{
		"#2-1": [
					[-0.210903,0.977507,0.296145],
					[-0.210903,0.977507,0.352723],
					[-0.210903,0.977507,0.482357],
					[-0.104772,0.485603,0.551711]
				],
		"#2-2": [
					[-0.187329,0.982297,0.240591],
					[-0.187329,0.982297,0.283731],
					[-0.154465,0.809966,0.491947],
					[-0.0278669,0.146126,0.734559]
				],
		"#2-3": [
					[0.0360606,0.0209279,1],
					[-0.0574992,-0.0333699,0.634578],
					[0.0594533,0.034504,0.0580787],
					[-0.0828092,-0.0480588,0.916619]
				]
		},
		{
		"#3-1": [
					[0.00910196,0.000489184,1],
					[0.00448443,0.000241015,1],
					[-0.0650984,-0.00349871,0.861993],
					[-0.391803,-0.0210574,0.498501]
				]
		},
		{
		"#4-1": [
					[0.189002,0.0272678,0.967356],
					[0.0813292,0.0117336,1],
					[0.13954,0.0201318,1],
					[0.0277053,0.00399711,0.809891]
				]
		}
	]
}
