{
	"width": 925,
	"height": 820,
	"linearGradients": [
		{
		"#1-1": [
					[0.000243317,0.00222239,0.872866],
					[0.0067783,0.0619109,0.32467],
					[-0.0508885,-0.4648,0.365041],
					[0.00108834,0.0099406,0.99]
				],
		"#1-2": [
					[-0.224158,0.424627,0.704599],
					[-0.203869,0.386193,0.200567],
					[0.260542,-0.493549,0.311158],
					[-0.00466839,0.00884342,0.99]
				],
		"#1-3": [
					[-0.323088,0.484728,0.707314],
					[-0.284786,0.427264,0.208321],
					[0.209869,-0.314865,0.2352],
					[-0.00554624,0.00832101,0.99]
				],
		"#1-4": [
					[7.00654e-06,2.69146e-07,1],
					[0.00121728,4.676e-05,0.493064],
					[-0.000161296,-6.19594e-06,0.146526],
					[0.000645445,2.47938e-05,0.991741]
				]
		},
		{
		"#2-1": [
					[-0.211902,0.977291,0.296393],
					[-0.211902,0.977291,0.35286],
					[-0.211902,0.977291,0.482675],
					[-0.105268,0.485497,0.551823]
				],
		"#2-2": [
					[-0.185322,0.982678,0.238211],
					[-0.185322,0.982678,0.281235],
					[-0.15247,0.808478,0.492058],
					[-0.0267007,0.141581,0.736197]
				],
		"#2-3": [
					[0.0723586,0.00550221,0.40661],
					[0.0600028,0.00456267,-0.0489817],
					[-0.0249757,-0.00189917,0.364755],
					[0.103187,0.00784646,0.694325]
				]
		},
		{
		"#3-1": [
					[0.00852235,0.000526731,1],
					[0.00457896,0.000283006,1],
					[-0.0553915,-0.00342351,0.860344],
					[-0.393666,-0.0243309,0.500286]
				]
		},
		{
		"#4-1": [
					[0.267096,0.0451604,0.956162],
					[0.118615,0.0200553,0.9948],
					[0.140884,0.0238207,0.998136],
					[0.0747075,0.0126315,0.804254]
				]
		}
	]
}
