{
	"width": 500,
	"height": 500,
	"linearGradients": [
		{
		"#1-1": [
					[-0.169498,-0.105298,0.339446],
					[-0.1677,-0.104181,0.330649],
					[-0.176107,-0.109404,0.342069],
					[0,0,0.992931]
				]
		},
		{
		"#2-1": [
					[9.79278e-05,0.00192911,0.999068],
					[0.000639196,0.0125917,0.978663],
					[-0.00100512,-0.0198001,0.999086],
					[-0.00261607,-0.0515348,0.811455]
				]
		},
		{
		"#3-1": [
					[-0.0226394,-0.0707839,1],
					[-0.00702903,-0.0219768,0.968969],
					[-0.012301,-0.0384601,0.996461],
					[-0.0119421,-0.0373379,0.744143]
				],
		"#3-2": [
					[-0.241861,-0,1],
					[-0.837756,-0,1],
					[-0.0854524,-0,0.0317215],
					[0.102052,0,0.761055]
				]
		},
		{
		"#4-1": [
					[-0.0507143,-0,1],
					[0.222125,0,0.77428],
					[1,0,0.278105],
					[0.267463,0,0.668883]
				],
		"#4-2": [
					[-0.465273,-0.172725,1],
					[-0.291728,-0.1083,1],
					[0.000496678,0.000184384,1],
					[-0.490573,-0.182117,1]
				]
		}
	]
}
