{
	"width": 500,
	"height": 500,
	"linearGradients": [
		{
		"#1-1": [
					[0.501213,0.540324,-0.0206574],
					[-0.00960139,-0.0103506,1],
					[-0.000877242,-0.000945697,0.000403311],
					[0.00462521,0.00498614,0.994868]
				]
		},
		{
		"#2-1": [
					[0.875177,0.277812,0.0154691],
					[0.869263,0.275935,0.0469039],
					[-0.430532,-0.136666,0.474159],
					[0.0174151,0.00552815,0.513944]
				],
		"#2-2": [
					[-0.221161,-0.12506,0.603204],
					[0.644229,0.364292,-0.108464],
					[0.0513065,0.0290123,0.212519],
					[0.462135,0.261324,0.272663]
				]
		},
		{
		"#3-1": [
					[-0.0245424,-0.00949102,0.474153],
					[-0.422873,-0.163533,0.526646],
					[0.504652,0.195158,-0.161651],
					[0.0211423,0.00817613,0.334342]
				],
		"#3-2": [
					[0.00529152,0,-0.0029204],
					[-0.302645,-0,0.55087],
					[0.510061,0,0.143552],
					[0.149308,0,0.0992985]
				]
		},
		{
		"#4-1": [
					[-0.00392019,-0.00130028,0.00222996],
					[-0.220351,-0.0730877,0.488196],
					[0.170292,0.0564836,0.00135546],
					[-0.16502,-0.0547351,0.591451]
				]
		}
	]
}
