{
	"width": 500,
	"height": 500,
	"linearGradients": [
		{
		"#1-1": [
					[0.0513041,0.0517011,0.399431],
					[-0.0998875,-0.10066,0.200321],
					[0.0510118,0.0514066,0.400103],
					[0,0,1]
				]
		},
		{
		"#2-1": [
					[0.434863,0.154023,-0.0749916],
					[0.287958,0.101991,-0.0480467],
					[-0.063596,-0.0225249,0.509252],
					[0.201368,0.0713221,0.550207]
				],
		"#2-2": [
					[-0.557161,-0.27914,0.978663],
					[0.0847172,0.0424437,0.018909],
					[0.141925,0.071105,0.0748469],
					[0.323844,0.162247,0.322096]
				],
		"#2-3": [
					[0.149022,0.0711621,-0.0643196],
					[0.111759,0.0533678,0.035367],
					[-0.155721,-0.0743608,0.450848],
					[0.301533,0.14399,0.27356]
				]
		},
		{
		"#3-1": [
					[0.321306,0.10703,0.00296032],
					[0.355035,0.118266,-0.03262],
					[-0.467843,-0.155843,1],
					[0.14102,0.0469751,0.255856]
				],
		"#3-2": [
					[0.0018721,0.000603617,0.9977],
					[0.000870056,0.00028053,-0.000489449],
					[0.894746,0.288491,0.00291236],
					[0.230956,0.0744665,0.28463]
				]
		}
	]
}
