{
	"width": 500,
	"height": 500,
	"linearGradients": [
		{
		"#1-1": [
					[-0.246376,-0.24816,0.50352],
					[0.309772,0.312015,-0.0363621],
					[0.31,0.312244,-0.0366248],
					[0.00515995,0.00519731,0.994146]
				]
		},
		{
		"#2-1": [
					[0.657684,0.346039,0.0539783],
					[0.434408,0.228563,0.442789],
					[-0.0448131,-0.0235783,0.0329079],
					[-0.214745,-0.112988,0.564269]
				],
		"#2-2": [
					[-0.394289,-0.0718894,0.683234],
					[0.228828,0.0417214,0.0568159],
					[0.393895,0.0718176,0.0593801],
					[0.00138616,0.000252734,0.799262]
				],
		"#2-3": [
					[0.499447,0.105393,0.150605],
					[0.0483038,0.0101931,0.64055],
					[-0.0180328,-0.00380527,0.0732001],
					[-0.105324,-0.0222255,0.478835]
				]
		},
		{
		"#3-1": [
					[-0.540739,-0.00165613,0.619944],
					[0.0523748,0.00016041,0.14985],
					[0.0406398,0.000124468,0.153029],
					[0.365834,0.00112045,0.259694]
				]
		},
		{
		"#4-1": [
					[0.000881578,9.63794e-05,-0.000513121],
					[-0.0059636,-0.000651977,0.0030474],
					[-0.00590348,-0.000645404,0.00305652],
					[-0.0743225,-0.00812539,0.023037]
				]
		}
	]
}
