{
	"width": 393,
	"height": 671,
	"linearGradients": [
		{
		"#1-1": [
					[-0.0442397,-0.0405896,0.802672],
					[-0.0319288,-0.0292944,0.810988],
					[-0.0292514,-0.0268379,0.805268],
					[0.00736851,0.00676055,0.99]
				],
		"#1-2": [
					[-0.00199004,-0,1],
					[-0.946302,-0,1],
					[-0.0665248,-0,0.0522498],
					[0.01,0,0.99413]
				],
		"#1-3": [
					[-0.117527,-0.499492,1],
					[-0.113051,-0.480469,0.995418],
					[-0.111256,-0.472839,1],
					[0,0,0.996768]
				]
		},
		{
		"#2-1": [
					[0.255398,0,0.471027],
					[0.190345,0,0.483752],
					[0.182653,0,0.471689],
					[1,0,0.36424]
				],
		"#2-2": [
					[0.00943727,-0.199859,0.154155],
					[0.0109128,-0.231108,0.178726],
					[0.0140825,-0.298235,0.236051],
					[-0.0394171,0.83476,-0.279152]
				],
		"#2-3": [
					[0.411151,0,0.942169],
					[0.368895,0,0.948549],
					[0.382305,0,0.945771],
					[-0.559703,-0,0.776748]
				],
		"#2-4": [
					[0.00159026,-0.00226254,0.999942],
					[0.0120702,-0.0171729,0.999986],
					[-0.575034,0.818129,0.959761],
					[-0.575034,0.818129,0.805885]
				],
		"#2-5": [
					[0.0041694,0.13019,0.962497],
					[0.032009,0.999488,0.721559],
					[0.032009,0.999488,0.719104],
					[0.032009,0.999488,0.523332]
				],
		"#2-6": [
					[-0.0398216,0.0318791,1],
					[-0.0751036,0.0601241,0.983607],
					[0.0233294,-0.0186763,0.959352],
					[-0.0317623,0.0254272,0.532309]
				],
		"#2-7": [
					[0.726813,0.512272,-0.642091],
					[0.750671,0.529088,-0.659536],
					[0.753339,0.530969,-0.657305],
					[0.817377,0.576103,-0.438032]
				]
		},
		{
		"#3-1": [
					[0.40807,0.0266758,0.875861],
					[0.378055,0.0247137,0.907579],
					[0.443288,0.028978,0.902205],
					[0.323059,0.0211186,0.400992]
				],
		"#3-2": [
					[-0.317084,0.948398,-0.328692],
					[-0.317084,0.948398,-0.311799],
					[-0.317084,0.948398,-0.306581],
					[-0.317084,0.948398,0.075722]
				],
		"#3-3": [
					[0.0714563,0,0.223693],
					[-0.754741,-0,0.700288],
					[-0.123965,-0,0.182171],
					[0.0377069,0,0.19836]
				],
		"#3-4": [
					[-0.0401625,-0.030443,1],
					[-0.0587282,-0.0445158,1],
					[0.407335,0.308759,0.618506],
					[-0.0826621,-0.0626576,0.434501]
				]
		},
		{
		"#4-1": [
					[-0.997262,-0.0739439,0.109988],
					[-0.997262,-0.0739439,0.121466],
					[-0.997262,-0.0739439,0.132453],
					[0.997262,0.0739439,0.40937]
				],
		"#4-2": [
					[1,0,0.89316],
					[1,0,0.89458],
					[1,0,0.892062],
					[1,0,0.718356]
				],
		"#4-3": [
					[0.250267,-0.330447,0.214527],
					[0.107519,-0.141966,0.0897762],
					[0.135049,-0.178316,0.125573],
					[-0.603748,0.797175,-0.231607]
				],
		"#4-4": [
					[-0.0712108,-0.0493924,1],
					[0.00709583,0.00492172,0.998691],
					[0.0231116,0.0160304,0.404422],
					[-0.821692,-0.569932,0.814926]
				]
		},
		{
		"#5-1": [
					[-1,-0,0.426235],
					[-1,-0,0.460697],
					[-1,-0,0.61875],
					[1,0,0.636274]
				],
		"#5-2": [
					[0.0121511,0,0.999465],
					[-0.332547,-0,1],
					[0.0986871,0,0.484603],
					[0.0877028,0,0.778421]
				]
		}
	]
}
