{
	"width": 500,
	"height": 500,
	"linearGradients": [
		{
		"#1-1": [
					[0.0500119,0.0566926,0.40173],
					[-0.0947501,-0.107407,0.199536],
					[0.0436424,0.0494723,0.397185],
					[0,0,1]
				]
		},
		{
		"#2-1": [
					[0.430427,0.150085,-0.0690946],
					[0.280105,0.0976696,-0.0402207],
					[-0.0626298,-0.0218383,0.511302],
					[0.199577,0.0695902,0.562283]
				],
		"#2-2": [
					[0.137806,0.0883353,-0.0889739],
					[0.0987879,0.0633243,0.0397084],
					[-0.178543,-0.114448,0.469054],
					[0.244572,0.156773,0.277002]
				]
		},
		{
		"#3-1": [
					[-0.0100688,-0.00333987,1],
					[-0.000284554,-9.4388e-05,5.79843e-05],
					[0.890273,0.295308,0.00944571],
					[0.246023,0.0816071,0.27718]
				],
		"#3-2": [
					[0.371314,0,0.00477373],
					[0.35215,0,0.0339226],
					[-0.518822,-0,1],
					[0.196994,0,0.233979]
				]
		},
		{
		"#4-1": [
					[-0.423973,-0.507986,1],
					[-0.00319509,-0.00382823,0.175399],
					[0.15294,0.183246,-0.192126],
					[0.40562,0.485997,-0.295814]
				]
		}
	]
}
