{
	"width": 500,
	"height": 500,
	"linearGradients": [
		{
		"#1-1": [
					[0.00189059,0.0019917,-0.00379923],
					[-0.0112665,-0.0118691,0.523089],
					[0.25063,0.264034,-0.0130312],
					[0.00154197,0.00162444,1]
				]
		},
		{
		"#2-1": [
					[0.286176,0.136651,-0.0918089],
					[-0.262487,-0.125339,0.894066],
					[0.0885721,0.0422937,0.0389268],
					[-0.0796495,-0.0380331,0.448807]
				],
		"#2-2": [
					[-0.0208373,-0.0230583,0.648788],
					[-0.161367,-0.178566,0.170307],
					[0.256031,0.283321,0.165198],
					[0.245417,0.271575,0.163584]
				]
		},
		{
		"#3-1": [
					[-0.852961,-0.278644,0.973981],
					[0.0535237,0.017485,-0.0121726],
					[-0.0624072,-0.0203871,0.266396],
					[-0.0596729,-0.0194938,0.388405]
				],
		"#3-2": [
					[-0.286418,-0.232298,1],
					[0.0819266,0.0664461,0.041556],
					[0.36659,0.297321,-0.145692],
					[-0.165816,-0.134484,0.368322]
				]
		},
		{
		"#4-1": [
					[-0.0766943,-0,0.124268],
					[-0.914748,-0,1],
					[0.0699798,0,0.0036148],
					[-0.0642736,-0,0.236785]
				]
		}
	]
}
