{
	"width": 285,
	"height": 430,
	"linearGradients": [
		{
		"#1-1": [
					[-0.229581,-0.119043,0.257441],
					[-0.200886,-0.104164,0.219578],
					[-0.230408,-0.119472,0.253189],
					[0.00887753,0.0046032,1]
				],
		"#1-2": [
					[-0.597678,-0.228812,0.710119],
					[-0.574204,-0.219825,0.710931],
					[-0.527237,-0.201844,0.702992],
					[0.00933902,0.0035753,0.99]
				]
		},
		{
		"#2-1": [
					[-0.498083,-0.86713,0.828894],
					[-0.498083,-0.86713,0.830901],
					[-0.498083,-0.86713,0.833349],
					[-0.0504891,-0.0878982,0.859495]
				],
		"#2-2": [
					[0.84019,0,0.298035],
					[-0.637845,-0,0.622762],
					[0.0476555,0,1],
					[-0.322814,-0,0.909175]
				],
		"#2-3": [
					[0.998252,0.0591081,-0.644986],
					[0.998252,0.0591081,-0.642427],
					[0.998252,0.0591081,-0.640393],
					[0.998252,0.0591081,-0.105801]
				]
		}
	]
}
