{
	"width": 393,
	"height": 671,
	"linearGradients": [
		{
		"#1-1": [
					[-0.0375222,-0.040792,0.802169],
					[-0.0267917,-0.0291264,0.810509],
					[-0.024101,-0.0262012,0.804428],
					[0.00676994,0.00735989,0.99]
				],
		"#1-2": [
					[-0.00200573,-0,1],
					[-0.94639,-0,1],
					[-0.0652358,-0,0.0514523],
					[0.01,0,0.993992]
				],
		"#1-3": [
					[-0.123709,-0.490125,1],
					[-0.11992,-0.475114,0.998586],
					[-0.11709,-0.463904,1],
					[0,0,0.991376]
				]
		},
		{
		"#2-1": [
					[0.262207,0,0.455517],
					[0.220555,0,0.466853],
					[0.245467,0,0.453355],
					[1,0,0.344184]
				],
		"#2-2": [
					[0.0405097,-0.244825,0.177036],
					[0.0461895,-0.279152,0.202731],
					[0.054525,-0.329529,0.246728],
					[-0.137116,0.82868,-0.268388]
				],
		"#2-3": [
					[0.285588,0,0.960262],
					[0.249872,0,0.965682],
					[0.259812,0,0.963531],
					[-0.169928,-0,0.7191]
				],
		"#2-4": [
					[0.000709287,-0.0010318,1],
					[0.00678253,-0.00986657,1],
					[-0.566487,0.824071,0.955887],
					[-0.566487,0.824071,0.804707]
				],
		"#2-5": [
					[0.00861903,0.265619,0.923389],
					[0.0324317,0.999474,0.72145],
					[0.0324317,0.999474,0.719028],
					[0.0324317,0.999474,0.523302]
				],
		"#2-6": [
					[-0.0402247,0.0325676,1],
					[-0.071176,0.057627,0.984067],
					[0.0277616,-0.0224769,0.961075],
					[-0.0338891,0.027438,0.53121]
				],
		"#2-7": [
					[-0.616568,-0,1],
					[-0.602212,-0,1],
					[-0.595107,-0,1],
					[1,0,-0.145179]
				]
		},
		{
		"#3-1": [
					[0.261186,0.0504543,0.880029],
					[0.244719,0.0472733,0.911768],
					[0.286046,0.0552566,0.905642],
					[-0.167749,-0.0324048,0.448543]
				],
		"#3-2": [
					[0.0567827,0,0.230877],
					[-0.753417,-0,0.698754],
					[-0.12825,-0,0.183866],
					[0.0338956,0,0.20033]
				],
		"#3-3": [
					[-0.038568,-0.0324891,1],
					[-0.0572641,-0.0482384,1],
					[0.409227,0.344726,0.613687],
					[-0.0855776,-0.0720893,0.437195]
				]
		},
		{
		"#4-1": [
					[-0.997304,-0.0733814,0.106792],
					[-0.997304,-0.0733814,0.117766],
					[-0.997304,-0.0733814,0.1286],
					[0.997304,0.0733814,0.408612]
				],
		"#4-2": [
					[1,0,0.893222],
					[1,0,0.894699],
					[1,0,0.89217],
					[1,0,0.719344]
				],
		"#4-3": [
					[0.167004,-0.245215,0.160442],
					[0.053626,-0.07874,0.0487119],
					[0.0648823,-0.0952679,0.0727104],
					[-0.562904,0.826522,-0.255118]
				],
		"#4-4": [
					[-0.999996,-0.00290111,0.100062],
					[-0.999996,-0.00290111,0.111307],
					[-0.999996,-0.00290111,0.121628],
					[0.999996,0.00290111,0.412952]
				],
		"#4-5": [
					[-0.0739072,-0.0480804,1],
					[0.00631068,0.00410542,0.999382],
					[-0.0141878,-0.00922992,0.427193],
					[-0.838232,-0.545313,0.801043]
				]
		},
		{
		"#5-1": [
					[-1,-0,0.426265],
					[-1,-0,0.460988],
					[-1,-0,0.618458],
					[1,0,0.63639]
				],
		"#5-2": [
					[0.0159723,0.00100141,0.999938],
					[-0.303822,-0.0190486,1],
					[0.176244,0.0110499,0.527941],
					[0.106919,0.00670349,0.614381]
				]
		}
	]
}
