{
	"width": 500,
	"height": 500,
	"linearGradients": [
		{
		"#1-1": [
					[-0.000343784,-0.000353233,0.000315606],
					[0.00486744,0.00500122,0.493927],
					[0.249248,0.256098,-0.00317132],
					[6.84909e-05,7.03733e-05,1]
				]
		},
		{
		"#2-1": [
					[0.385894,0.127776,-0.0860398],
					[-0.36608,-0.121215,1],
					[0.0294415,0.00974856,0.0266308],
					[-0.0708836,-0.0234707,0.347494]
				],
		"#2-2": [
					[0.000255901,9.44074e-05,-0.000318951],
					[-0.603473,-0.222634,1],
					[0.195101,0.0719772,-0.00904505],
					[-0.0697833,-0.0257446,0.483723]
				]
		},
		{
		"#3-1": [
					[-0.619131,-0.309488,1],
					[0.294971,0.147449,0.0207563],
					[0.370818,0.185362,-0.0724963],
					[0.0272684,0.0136308,0.251948]
				],
		"#3-2": [
					[-0.30203,-0.10577,0.626693],
					[0.0367131,0.0128569,0.161114],
					[0.203789,0.0713667,0.187392],
					[0.609293,0.213374,0.132856]
				]
		},
		{
		"#4-1": [
					[-0.889897,-0.250826,0.990157],
					[0.0618098,0.0174217,0.00326479],
					[-0.077256,-0.0217754,0.255194],
					[-0.0490645,-0.0138293,0.372583]
				]
		}
	]
}
