{
	"width": 393,
	"height": 671,
	"linearGradients": [
		{
		"#1-1": [
					[-0.114067,-0.0455936,0.812064],
					[-0.0881052,-0.0352164,0.81957],
					[-0.0653785,-0.0261323,0.807494],
					[0.00920595,0.00367969,0.99]
				],
		"#1-2": [
					[-0.0127256,-0,1],
					[-0.948921,-0,1],
					[-0.0633639,-0,0.0503154],
					[0.01,0,0.993851]
				],
		"#1-3": [
					[-0.12369,-0.486219,1],
					[-0.119695,-0.470516,0.997962],
					[-0.117071,-0.460201,1],
					[0,0,0.997]
				]
		},
		{
		"#2-1": [
					[0.275755,0,0.487282],
					[0.214169,0,0.501387],
					[0.207552,0,0.493566],
					[1,0,0.398342]
				],
		"#2-2": [
					[0.0646958,-0.261615,0.187155],
					[0.0732187,-0.296079,0.213723],
					[0.0792298,-0.320387,0.238312],
					[-0.20424,0.825899,-0.260152]
				],
		"#2-3": [
					[0.315147,0,0.955848],
					[0.280001,0,0.960978],
					[0.265719,0,0.962677],
					[-0.17138,-0,0.722732]
				],
		"#2-4": [
					[0.535819,0.716927,-0.183557],
					[0.545417,0.72977,-0.178177],
					[0.597709,0.799736,-0.236413],
					[0.598657,0.801005,0.225937]
				],
		"#2-5": [
					[0.00478632,-0.00687296,1],
					[0.00884747,-0.0127046,1],
					[-0.571477,0.820618,0.958378],
					[-0.571477,0.820618,0.80543]
				],
		"#2-6": [
					[0.00975942,0.301818,0.913409],
					[0.0323185,0.999478,0.721542],
					[0.0323185,0.999478,0.719049],
					[0.0323185,0.999478,0.523345]
				],
		"#2-7": [
					[-0.0090694,-0,1],
					[-0.112752,-0,1],
					[0.354065,0,0.659639],
					[-0.2956,-0,0.762261]
				],
		"#2-8": [
					[-0.616565,-0,1],
					[-0.602243,-0,1],
					[-0.59511,-0,1],
					[1,0,-0.145237]
				]
		},
		{
		"#3-1": [
					[0.248222,0.0664168,0.881391],
					[0.238092,0.0637065,0.911549],
					[0.245452,0.0656758,0.910117],
					[-0.162464,-0.0434706,0.441242]
				],
		"#3-2": [
					[0.0424355,0,0.232452],
					[-0.764153,-0,0.709434],
					[-0.143392,-0,0.195702],
					[0.0138361,0,0.202662]
				],
		"#3-3": [
					[-0.0425887,-0.0430895,1],
					[-0.0536663,-0.0542974,1],
					[0.383218,0.387724,0.630521],
					[-0.0648254,-0.0655876,0.422829]
				]
		},
		{
		"#4-1": [
					[-0.785468,-0.0605865,0.0838163],
					[-0.821811,-0.0633898,0.0992567],
					[-0.824178,-0.0635725,0.110598],
					[0.997038,0.0769059,0.404165]
				],
		"#4-2": [
					[1,0,0.893187],
					[1,0,0.894768],
					[1,0,0.892393],
					[1,0,0.719342]
				],
		"#4-3": [
					[0.132366,-0.201216,0.130208],
					[0.0367925,-0.0559299,0.0341631],
					[0.036616,-0.0556617,0.0479522],
					[-0.54958,0.835441,-0.262379]
				],
		"#4-4": [
					[-0.999996,-0.00291244,0.0995127],
					[-0.999996,-0.00291244,0.111675],
					[-0.999996,-0.00291244,0.122634],
					[0.999996,0.00291244,0.413012]
				],
		"#4-5": [
					[-0.0565982,-0.0407216,1],
					[0.00784401,0.00564366,0.998841],
					[0.0151878,0.0109274,0.410707],
					[-0.811732,-0.58403,0.82003]
				]
		},
		{
		"#5-1": [
					[0.0170107,0.00447387,0.999535],
					[-0.271702,-0.0714583,1],
					[0.207927,0.0546854,0.565897],
					[0.102187,0.0268756,0.520572]
				]
		}
	]
}
