{
	"width": 500,
	"height": 500,
	"linearGradients": [
		{
		"#1-1": [
					[-0.256267,-0.256131,0.508539],
					[0.236565,0.236439,0.0212151],
					[0.252956,0.252821,-0.00411711],
					[0,0,1]
				]
		},
		{
		"#2-1": [
					[-0.295717,-0.202017,0.511952],
					[0.518475,0.354192,-0.130258],
					[0.512079,0.349822,-0.122145],
					[-0.219517,-0.149961,0.944159]
				],
		"#2-2": [
					[0.941586,0.336774,-0.045597],
					[0.0866085,0.0309769,0.901505],
					[-0.00858179,-0.00306942,0.01569],
					[-0.0509403,-0.0182196,0.287928]
				]
		},
		{
		"#3-1": [
					[-0.0321973,0.184639,0.46418],
					[-0.0872126,0.50013,-0.126149],
					[0.0407944,-0.23394,0.278261],
					[0.0739171,-0.423886,0.44607]
				],
		"#3-2": [
					[-0.360393,-0.129967,1],
					[0.00429408,0.00154855,0.0214632],
					[0.417262,0.150475,-0.0753222],
					[-0.16301,-0.0587854,0.51711]
				]
		},
		{
		"#4-1": [
					[0.549684,0.48949,0.0516318],
					[0.657352,0.585367,0.32795],
					[-0.0317048,-0.0282329,0.0197011],
					[-0.604603,-0.538395,0.695591]
				]
		}
	]
}
