{
	"width": 500,
	"height": 500,
	"linearGradients": [
		{
		"#1-1": [
					[-6.11449e-05,-6.11567e-05,0.000139951],
					[-2.40053e-05,-2.40099e-05,0.501496],
					[0.250354,0.250402,0.000487288],
					[0,0,0.99995]
				]
		},
		{
		"#2-1": [
					[-0.567609,-0.184781,0.630637],
					[0.0336567,0.0109567,0.173229],
					[0.03655,0.0118986,0.161203],
					[-0.0998569,-0.0325076,0.595318]
				],
		"#2-2": [
					[0.388555,0.12821,-0.0855141],
					[-0.363428,-0.119919,1],
					[0.0288678,0.00952541,0.0246073],
					[-0.0662426,-0.0218578,0.339123]
				],
		"#2-3": [
					[0.000282606,9.7371e-05,-0.000327871],
					[-0.614355,-0.211674,1],
					[0.191407,0.0659487,-0.00640179],
					[-0.0617486,-0.0212753,0.467527]
				]
		},
		{
		"#3-1": [
					[-0.128586,-0.0621605,0.646341],
					[-0.116898,-0.0565103,0.160074],
					[0.265586,0.128388,0.165114],
					[0.283378,0.136989,0.206306]
				],
		"#3-2": [
					[-0.604425,-0.307295,1],
					[0.294061,0.149503,0.0115391],
					[0.372927,0.189599,-0.0779451],
					[0.0130574,0.0066385,0.258243]
				]
		}
	]
}
