{
	"width": 410,
	"height": 881,
	"linearGradients": [
		{
		"#1-1": [
					[-0.788368,-0.392982,1],
					[-0.826056,-0.411768,1],
					[-0.757427,-0.377558,1],
					[0.00894973,0.00446121,0.99]
				],
		"#1-2": [
					[-0.440336,-0.0730928,0.806291],
					[-0.510129,-0.084678,0.80074],
					[-0.406336,-0.067449,0.816524],
					[0,0,1]
				],
		"#1-3": [
					[0.0115288,0,0.996767],
					[-0.0249648,-0,0.695256],
					[-0.0955576,-0,0.0262194],
					[0.01,0,0.998833]
				],
		"#1-4": [
					[0.0655895,0.0379595,0.403338],
					[0.0839489,0.0485849,0.262105],
					[0.0865594,0.0500957,0.274778],
					[0.00865503,0.00500904,0.99]
				],
		"#1-5": [
					[0.263204,0.0315326,0.48027],
					[0.285943,0.0342567,0.441582],
					[0.261672,0.031349,0.496005],
					[0.00967233,0.00115877,0.99]
				]
		},
		{
		"#2-1": [
					[0.0234371,0.999725,-0.240927],
					[0.0234371,0.999725,-0.248292],
					[0.0234371,0.999725,-0.237436],
					[0.0234371,0.999725,-0.224554]
				],
		"#2-2": [
					[-0.0292495,-0,0.982883],
					[0.259188,0,0.924853],
					[0.825473,0,0.763769],
					[-0.0410544,-0,0.809911]
				],
		"#2-3": [
					[0.0585221,0.00462542,0.990203],
					[0.0728615,0.00575877,0.968521],
					[0.1279,0.0101089,0.776625],
					[0.0984895,0.00778432,0.76824]
				],
		"#2-4": [
					[0.0367449,0.0139282,1],
					[0.014013,0.00531167,1],
					[-0.0979204,-0.0371169,0.942639],
					[-0.161962,-0.0613922,1]
				],
		"#2-5": [
					[0.248147,0.0162805,-0.216386],
					[0.0653086,0.0042848,-0.0499811],
					[0.219488,0.0144003,-0.182538],
					[-0.554815,-0.0364006,0.756148]
				]
		},
		{
		"#3-1": [
					[-0.684886,0.293362,0.606762],
					[-0.232014,0.0993801,0.808498],
					[-0.732532,0.31377,0.262264],
					[0.0764394,-0.0327418,0.785003]
				],
		"#3-2": [
					[0.0192236,0.0546379,0.983246],
					[0.00957115,0.0272034,0.991143],
					[-0.00419198,-0.0119146,1],
					[-0.0614741,-0.174724,0.371259]
				],
		"#3-3": [
					[-0.875053,-0.144605,1],
					[-0.380269,-0.0628408,0.99931],
					[-0.986619,-0.163042,0.716859],
					[0.567315,0.0937507,0.396988]
				],
		"#3-4": [
					[0.564914,0,0.45946],
					[0.308955,0,0.706354],
					[0.75724,0,0.271891],
					[1,0,-0.699743]
				]
		}
	]
}
