{
	"width": 383,
	"height": 600,
	"linearGradients": [
		{
		"#1-1": [
					[-0.00265572,-0,1],
					[-0.0124851,-0,1],
					[0.0224923,0,0.984209],
					[0.01,0,0.990471]
				]
		},
		{
		"#2-1": [
					[1,0,0.0596405],
					[0.747221,0,0.28893],
					[0.314936,0,0.705326],
					[0.603936,0,0.456116]
				],
		"#2-2": [
					[0.00464574,0.00999652,0.993064],
					[0.285711,0.614782,0.38984],
					[0.421447,0.906853,-0.539709],
					[-0.421447,-0.906853,1]
				]
		},
		{
		"#3-1": [
					[-0.953435,-0.3016,0.768587],
					[-0.4615,-0.145986,0.975444],
					[-0.246991,-0.0781307,0.398091],
					[0.953435,0.3016,0.329745]
				],
		"#3-2": [
					[-0.0619346,0.086471,0.955359],
					[-0.463655,0.647338,0.609157],
					[-0.456484,0.637327,0.221386],
					[-0.00504912,0.0070494,0.3276]
				]
		}
	]
}
