{
	"width": 410,
	"height": 881,
	"linearGradients": [
		{
		"#1-1": [
					[-0.780657,-0.394208,1],
					[-0.818348,-0.41324,1],
					[-0.749645,-0.378547,1],
					[0.00892646,0.00450759,0.99]
				],
		"#1-2": [
					[-0.441547,-0.0739387,0.806795],
					[-0.51119,-0.0856007,0.801319],
					[-0.406862,-0.0681306,0.816964],
					[0,0,1]
				],
		"#1-3": [
					[0.0111022,0,0.996859],
					[-0.0250319,-0,0.695343],
					[-0.0950466,-0,0.0260553],
					[0.01,0,0.998831]
				],
		"#1-4": [
					[0.0652229,0.0378743,0.403507],
					[0.082573,0.0479493,0.263172],
					[0.0863701,0.0501543,0.274616],
					[0.00824643,0.00478862,0.99]
				],
		"#1-5": [
					[0.250999,0.0288832,0.491905],
					[0.286988,0.0330245,0.439782],
					[0.261631,0.0301067,0.495181],
					[0.00425907,0.000490103,0.99]
				]
		},
		{
		"#2-1": [
					[0.0227458,0.999741,-0.240158],
					[0.0227458,0.999741,-0.247849],
					[0.0227458,0.999741,-0.23714],
					[0.0227458,0.999741,-0.224015]
				],
		"#2-2": [
					[-0.0254454,-8.79684e-05,0.981986],
					[0.215966,0.000746623,0.935439],
					[0.689265,0.00238288,0.797281],
					[0.0640494,0.000221427,0.782992]
				],
		"#2-3": [
					[0.0599095,0.00454874,0.989428],
					[0.0751754,0.00570784,0.967261],
					[0.127655,0.00969244,0.777019],
					[0.0979369,0.00743605,0.768639]
				],
		"#2-4": [
					[0.0368585,0.0137647,1],
					[0.0140674,0.00525341,1],
					[-0.104823,-0.0391459,0.949294],
					[-0.162383,-0.0606415,1]
				],
		"#2-5": [
					[0.537659,0.0509391,0.0846417],
					[0.370807,0.0351311,0.263661],
					[0.440422,0.0417266,0.225016],
					[0.488449,0.0462768,0.298396]
				]
		},
		{
		"#3-1": [
					[-0.680621,0.291913,0.605452],
					[-0.230645,0.0989222,0.80808],
					[-0.725232,0.311047,0.259817],
					[0.0811656,-0.0348113,0.783616]
				],
		"#3-2": [
					[0.0188072,0.0525958,0.983884],
					[0.0110052,0.0307768,0.989562],
					[-0.00435644,-0.0121831,1],
					[-0.0615195,-0.172044,0.370809]
				],
		"#3-3": [
					[-0.881455,-0.141663,1],
					[-0.332093,-0.0533723,0.962587],
					[-0.803271,-0.129098,0.577452],
					[0.766809,0.123238,0.249542]
				],
		"#3-4": [
					[0.558629,0,0.465629],
					[0.41913,0,0.600525],
					[0.638227,0,0.386564],
					[1,0,-0.700644]
				]
		}
	]
}
