{
	"width": 500,
	"height": 500,
	"linearGradients": [
		{
		"#1-1": [
					[0.498828,0.520109,-0.00496906],
					[-0.00668962,-0.00697502,1],
					[-0.00121369,-0.00126547,0.000721321],
					[0.000991533,0.00103383,0.999545]
				]
		},
		{
		"#2-1": [
					[0.879708,0.292162,0.00409753],
					[0.862127,0.286323,0.0474307],
					[-0.428345,-0.142259,0.477652],
					[0.00569835,0.00189249,0.517047]
				],
		"#2-2": [
					[-0.602907,-0,0.431403],
					[0.904796,0,-0.224359],
					[0.0712452,0,0.417854],
					[0.263907,0,0.307033]
				],
		"#2-3": [
					[0.676152,0.276893,-0.16674],
					[-0.105373,-0.0431516,0.89959],
					[0.0449064,0.0183898,0.0975883],
					[0.792954,0.324725,0.0261726]
				]
		},
		{
		"#3-1": [
					[0.000247692,0.000113564,-0.000306693],
					[-0.238168,-0.109197,0.499186],
					[0.162433,0.0744734,0.000147363],
					[-0.161387,-0.0739943,0.593875]
				],
		"#3-2": [
					[-0.435315,-0.398748,0.830596],
					[0.737399,0.675457,-0.4563],
					[0.102744,0.0941135,0.201369],
					[0.372984,0.341653,0.154192]
				]
		},
		{
		"#4-1": [
					[0.146341,0.0727256,0.415314],
					[-0.318655,-0.158359,0.738252],
					[0.337204,0.167577,-0.14836],
					[0.00512611,0.00254747,0.533023]
				]
		}
	]
}
