{
	"width": 285,
	"height": 430,
	"linearGradients": [
		{
		"#1-1": [
					[-0.234812,-0.137307,0.277176],
					[-0.215018,-0.125732,0.240681],
					[-0.215111,-0.125787,0.240748],
					[0.00863246,0.00504784,0.999092]
				]
		},
		{
		"#2-1": [
					[1,0,0.181809],
					[-0.195899,-0,0.304829],
					[0.00904969,0,1],
					[-0.34895,-0,0.946227]
				],
		"#2-2": [
					[0.998137,0.061018,-0.64766],
					[0.998137,0.061018,-0.643003],
					[0.998137,0.061018,-0.640895],
					[0.998137,0.061018,-0.106648]
				]
		},
		{
		"#3-1": [
					[-0.664848,-0.040572,1],
					[-0.199602,-0.0121806,1],
					[0.0404851,0.00247058,0.99497],
					[-0.465672,-0.0284174,0.51957]
				]
		},
		{
		"#4-1": [
					[-0.502371,-0.823884,0.809373],
					[-0.520609,-0.853795,0.82792],
					[-0.520609,-0.853795,0.831902],
					[-0.054088,-0.0887039,0.859601]
				]
		}
	]
}
