{
	"width": 925,
	"height": 820,
	"linearGradients": [
		{
		"#1-1": [
					[0.00261217,0.0281811,0.861025],
					[0.016373,0.176638,0.272797],
					[-0.041673,-0.449584,0.359335],
					[0.000922967,0.00995732,0.99205]
				],
		"#1-2": [
					[-0.321695,0.58158,0.665475],
					[-0.267512,0.483624,0.181611],
					[0.264755,-0.47864,0.308572],
					[-0,0,0.99824]
				],
		"#1-3": [
					[-0.27228,0.406258,0.715542],
					[-0.259185,0.386721,0.210977],
					[0.207496,-0.309597,0.235598],
					[-0.00556738,0.00830688,0.991686]
				],
		"#1-4": [
					[0.00347517,0.000997395,0.580136],
					[0.00742993,0.00213243,0.100873],
					[0.00582838,0.00167278,0.294955],
					[0.008318,0.00238731,0.99]
				]
		},
		{
		"#2-1": [
					[-0.20258,0.979266,0.289907],
					[-0.20258,0.979266,0.347141],
					[-0.20258,0.979266,0.47753],
					[-0.0930367,0.449738,0.567711]
				],
		"#2-2": [
					[-0.190438,0.981699,0.239177],
					[-0.190438,0.981699,0.285199],
					[-0.167561,0.863773,0.472928],
					[-0.0314892,0.162326,0.723769]
				],
		"#2-3": [
					[0.0360423,0.020372,1],
					[-0.0527273,-0.0298028,0.628854],
					[0.0599588,0.0338902,0.0572766],
					[-0.0760941,-0.0430103,0.907676]
				]
		},
		{
		"#3-1": [
					[0.00779919,7.52059e-05,1],
					[0.00399868,3.85584e-05,1],
					[-0.107319,-0.00103485,0.876187],
					[-0.374587,-0.00361206,0.4781]
				]
		},
		{
		"#4-1": [
					[0.247398,0.0340842,0.962564],
					[0.0886163,0.0122087,1],
					[0.145152,0.0199977,0.999993],
					[0.0435523,0.00600022,0.808638]
				]
		}
	]
}
