{
	"width": 500,
	"height": 500,
	"linearGradients": [
		{
		"#1-1": [
					[-0.251431,-0.251836,0.502726],
					[0.250676,0.25108,-0.000262848],
					[0.250484,0.250888,-0.000124767],
					[0,0,1]
				]
		},
		{
		"#2-1": [
					[0.788242,0.390241,0.00556715],
					[0.422245,0.209044,0.48982],
					[-0.00336736,-0.00166711,0.00189064],
					[-0.123298,-0.0610422,0.487169]
				],
		"#2-2": [
					[-0.376743,-0.206105,0.584217],
					[0.698211,0.381971,-0.16741],
					[0.699896,0.382893,-0.168691],
					[-0.0581543,-0.0318145,0.434611]
				],
		"#2-3": [
					[0.936498,0.326331,-0.0466001],
					[0.0966394,0.0336749,0.90027],
					[-0.0100819,-0.00351313,0.0168287],
					[-0.0681026,-0.023731,0.308082]
				]
		},
		{
		"#3-1": [
					[-0.577142,-0.19916,0.714018],
					[0.0271638,0.00937367,0.162518],
					[0.0267207,0.00922075,0.162734],
					[0.270684,0.0934075,0.252409]
				],
		"#3-2": [
					[-0.352525,-0.119922,1],
					[-0.0240336,-0.00817576,0.036719],
					[0.421631,0.143431,-0.0740057],
					[-0.169142,-0.0575389,0.509302]
				]
		}
	]
}
