{
	"width": 285,
	"height": 430,
	"linearGradients": [
		{
		"#1-1": [
					[-0.36703,-0,0.315323],
					[-0.345006,-0,0.292211],
					[-0.366699,-0,0.313008],
					[0.01,0,1]
				]
		},
		{
		"#2-1": [
					[-0.0436039,-0.999049,0.773724],
					[-0.0436039,-0.999049,0.757142],
					[-0.0436039,-0.999049,0.759648],
					[-0.00105309,-0.0241282,0.821304]
				],
		"#2-2": [
					[0.977069,0,0.204186],
					[-0.435638,-0,0.457175],
					[0.0213601,0,1],
					[-0.403122,-0,0.964867]
				],
		"#2-3": [
					[0.999079,0.0429121,0.0872808],
					[0.999079,0.0429121,0.0970095],
					[0.999079,0.0429121,0.0973381],
					[0.999079,0.0429121,-0.676334]
				]
		},
		{
		"#3-1": [
					[-0.631094,0.775706,0.492848],
					[-0.00748821,0.00920409,0.998532],
					[-0.0076424,0.00939362,1],
					[-0.363193,0.446417,0.00439684]
				]
		}
	]
}
