{
	"width": 393,
	"height": 671,
	"linearGradients": [
		{
		"#1-1": [
					[-0.11353,-0.0484733,0.812852],
					[-0.0901901,-0.0385079,0.820805],
					[-0.0687504,-0.0293539,0.808937],
					[0.00115233,0.000492005,0.990259]
				],
		"#1-2": [
					[-0.00195574,-0,1],
					[-0.945598,-0,1],
					[-0.0683969,-0,0.0533514],
					[0.01,0,0.994387]
				],
		"#1-3": [
					[-0.12379,-0.490409,1],
					[-0.119639,-0.473965,0.997414],
					[-0.117164,-0.46416,1],
					[0,0,0.990881]
				]
		},
		{
		"#2-1": [
					[0.116274,0,0.56361],
					[0.0523267,0,0.57812],
					[0.0161957,0,0.571214],
					[1,0,0.536257]
				],
		"#2-2": [
					[0.0275136,-0.222353,0.17112],
					[0.031113,-0.251441,0.193985],
					[0.0368934,-0.298156,0.235144],
					[-0.103002,0.832412,-0.271101]
				],
		"#2-3": [
					[0.501332,0,0.929385],
					[0.45445,0,0.936232],
					[0.448326,0,0.936692],
					[-0.762288,-0,0.806993]
				],
		"#2-4": [
					[0.51697,0.72011,-0.180818],
					[0.525989,0.732673,-0.17504],
					[0.5826,0.811528,-0.237813],
					[0.583183,0.812341,0.225658]
				],
		"#2-5": [
					[-0.00148369,0.00219528,1],
					[-0.018396,0.0272189,1],
					[-0.559958,0.828521,0.947314],
					[-0.559958,0.828521,0.808393]
				],
		"#2-6": [
					[0.0046001,0.141446,0.959236],
					[0.0325047,0.999472,0.721398],
					[0.0325047,0.999472,0.71888],
					[0.0325047,0.999472,0.523138]
				],
		"#2-7": [
					[-0.0407004,0.0323047,1],
					[-0.0698936,0.0554759,0.984764],
					[0.0306493,-0.0243269,0.961278],
					[-0.0364613,0.02894,0.531971]
				],
		"#2-8": [
					[-0.6166,-0,1],
					[-0.602306,-0,1],
					[-0.595156,-0,1],
					[1,0,-0.145299]
				]
		},
		{
		"#3-1": [
					[0.404446,0.0188599,0.885938],
					[0.373253,0.0174054,0.918212],
					[0.441539,0.0205896,0.912433],
					[0.299144,0.0139496,0.397076]
				],
		"#3-2": [
					[-0.320286,0.947321,-0.32787],
					[-0.320286,0.947321,-0.310758],
					[-0.320286,0.947321,-0.304786],
					[-0.320286,0.947321,0.0770612]
				],
		"#3-3": [
					[0.059127,0,0.236392],
					[-0.763774,-0,0.706867],
					[-0.100513,-0,0.168858],
					[0.0355893,0,0.201188]
				],
		"#3-4": [
					[-0.0387904,-0.0293578,1],
					[-0.0621207,-0.0470149,1],
					[0.410552,0.310719,0.613602],
					[-0.0795274,-0.0601888,0.434074]
				]
		},
		{
		"#4-1": [
					[-0.997732,-0.0673113,0.105347],
					[-0.997732,-0.0673113,0.116227],
					[-0.997732,-0.0673113,0.128206],
					[0.997732,0.0673113,0.413339]
				],
		"#4-2": [
					[1,0,0.89307],
					[1,0,0.894466],
					[1,0,0.89205],
					[1,0,0.718001]
				],
		"#4-3": [
					[0.219001,-0.318602,0.209993],
					[0.0930812,-0.135415,0.0869321],
					[0.109864,-0.15983,0.119377],
					[-0.566461,0.824088,-0.250052]
				],
		"#4-4": [
					[-0.0719551,-0.0485915,1],
					[0.00800008,0.00540248,0.998993],
					[0.0205113,0.0138513,0.413862],
					[-0.828732,-0.559646,0.804624]
				]
		},
		{
		"#5-1": [
					[0.0124893,0,0.999856],
					[-0.319057,-0,0.998998],
					[0.107187,0,0.500534],
					[0.0842782,0,0.723088]
				]
		}
	]
}
