{
	"width": 410,
	"height": 881,
	"linearGradients": [
		{
		"#1-1": [
					[-0.807227,-0.163985,0.877587],
					[-0.85118,-0.172914,0.870527],
					[-0.771386,-0.156704,0.88568],
					[0,0,0.999613]
				],
		"#1-2": [
					[0.0123638,0,0.996549],
					[-0.0245968,-0,0.695253],
					[-0.0920152,-0,0.0252484],
					[0.01,0,0.998783]
				],
		"#1-3": [
					[0.0658789,0.037347,0.403294],
					[0.0841017,0.0476776,0.262276],
					[0.0870013,0.0493214,0.274651],
					[0.00827969,0.00469379,0.99]
				],
		"#1-4": [
					[0.243719,0.0315076,0.497374],
					[0.27838,0.0359885,0.446517],
					[0.254338,0.0328803,0.500739],
					[0.00372865,0.000482033,0.99]
				]
		},
		{
		"#2-1": [
					[0.00016822,0.000887894,1],
					[0.00044145,0.00233005,1],
					[-0.00567967,-0.0299783,1],
					[-0.186148,-0.982522,0.559062]
				],
		"#2-2": [
					[-0.0255705,-9.02465e-05,0.981904],
					[0.215866,0.00076186,0.935308],
					[0.691155,0.00243931,0.796755],
					[0.0614013,0.000216705,0.783703]
				],
		"#2-3": [
					[0.0579814,0.0044371,0.990592],
					[0.0733239,0.0056112,0.968312],
					[0.127786,0.00977901,0.776814],
					[0.0995553,0.00761859,0.767708]
				],
		"#2-4": [
					[0.0365026,0.0141694,1],
					[0.0138596,0.00537996,1],
					[-0.0932131,-0.0361831,0.938177],
					[-0.161137,-0.0625495,1]
				],
		"#2-5": [
					[0.54244,0.0528844,0.0803904],
					[0.370871,0.0361576,0.265714],
					[0.440584,0.0429541,0.22711],
					[0.486491,0.0474298,0.290907]
				]
		},
		{
		"#3-1": [
					[0.022188,0.999754,-0.20621],
					[0.022188,0.999754,-0.216319],
					[0.022188,0.999754,-0.200978],
					[0.022188,0.999754,-0.212706]
				],
		"#3-2": [
					[-0.680823,0.294322,0.604271],
					[-0.231953,0.100274,0.807994],
					[-0.726386,0.314019,0.259072],
					[0.077685,-0.0335835,0.7847]
				],
		"#3-3": [
					[0.0189656,0.0525256,0.98379],
					[0.0109846,0.0304222,0.989664],
					[-0.00382901,-0.0106045,1],
					[-0.0618686,-0.171346,0.370624]
				],
		"#3-4": [
					[-0.878606,-0.14323,1],
					[-0.349126,-0.0569146,0.975783],
					[-0.873195,-0.142348,0.6309],
					[0.678168,0.110555,0.314725]
				],
		"#3-5": [
					[0.558691,0,0.465344],
					[0.417384,0,0.602149],
					[0.641113,0,0.384161],
					[1,0,-0.699621]
				]
		}
	]
}
