{
	"width": 410,
	"height": 881,
	"linearGradients": [
		{
		"#1-1": [
					[-0.781601,-0.393932,1],
					[-0.819026,-0.412794,1],
					[-0.750982,-0.3785,1],
					[0.00892992,0.00450073,0.99]
				],
		"#1-2": [
					[-0.442818,-0.0774663,0.808356],
					[-0.512822,-0.0897127,0.803189],
					[-0.408228,-0.0714151,0.818362],
					[0,0,0.997918]
				],
		"#1-3": [
					[-0.0452079,-0.00771751,0.51317],
					[0.0835332,0.0142601,0.284573],
					[0.136692,0.0233349,0.254391],
					[0.00985442,0.00168226,0.99]
				],
		"#1-4": [
					[0.312337,0.0271139,0.435249],
					[0.351722,0.0305328,0.380651],
					[0.322772,0.0280197,0.439091],
					[0.00996253,0.000864843,0.99]
				]
		},
		{
		"#2-1": [
					[0.0228225,0.99974,-0.239921],
					[0.0228225,0.99974,-0.247529],
					[0.0228225,0.99974,-0.236497],
					[0.0228225,0.99974,-0.22391]
				],
		"#2-2": [
					[0.132854,0.0159963,1],
					[-0.0419996,-0.00505695,0.77815],
					[-0.0863632,-0.0103985,0.0047211],
					[-0.0186959,-0.00225108,0.839233]
				],
		"#2-3": [
					[0.0664274,0.00478363,0.984219],
					[0.0714877,0.00514803,0.969804],
					[0.111482,0.00802812,0.789993],
					[0.101812,0.00733181,0.764917]
				],
		"#2-4": [
					[0.0401081,0.00954209,1],
					[0.0145665,0.00346551,1],
					[-0.058477,-0.0139122,0.897241],
					[-0.174383,-0.0414872,1]
				],
		"#2-5": [
					[0.278214,0.0623705,0.0088006],
					[0.194033,0.0434985,0.0851174],
					[0.280254,0.0628277,0.0150857],
					[-0.15172,-0.0340128,0.515831]
				]
		},
		{
		"#3-1": [
					[0.00651329,0.0166835,1],
					[0.00344311,0.00881936,0.999133],
					[0.000999101,0.00255915,0.999864],
					[-0.0602583,-0.154349,0.346943]
				],
		"#3-2": [
					[-0.0490776,-0.000428841,1],
					[0.227572,0.00198853,0.931659],
					[0.722337,0.0063118,0.780154],
					[0.0339051,0.000296264,0.789896]
				],
		"#3-3": [
					[-0.676916,0.293395,0.602043],
					[-0.230415,0.0998684,0.807411],
					[-0.723993,0.3138,0.257781],
					[0.0790283,-0.0342532,0.784462]
				],
		"#3-4": [
					[-0.815004,-0.130484,0.95004],
					[-0.310484,-0.0497093,0.946481],
					[-0.718207,-0.114987,0.513699],
					[0.842567,0.134897,0.193193]
				],
		"#3-5": [
					[0.52523,0,0.497744],
					[0.408879,0,0.61033],
					[0.627896,0,0.396547],
					[1,0,-0.700857]
				]
		}
	]
}
