{
	"width": 500,
	"height": 500,
	"linearGradients": [
		{
		"#1-1": [
					[-0.000642157,0.212815,0.303922],
					[0.000390771,-0.129504,0.15064],
					[-0.000325336,0.107819,0.382068],
					[-0,0,0.990717]
				]
		},
		{
		"#2-1": [
					[-0.028721,-0.00880494,0.95646],
					[-0.0924616,-0.0283458,0.0901884],
					[0.690472,0.211677,0.123774],
					[0.325496,0.0997866,0.375082]
				],
		"#2-2": [
					[0.301185,0.0801293,0.0643448],
					[0.209649,0.0557766,0.0176698],
					[-0.0341636,-0.00908913,0.481908],
					[-0.000101839,-2.7094e-05,0.800075]
				],
		"#2-3": [
					[-0.62262,-0.279264,1],
					[0.0811105,0.0363805,0.0340384],
					[0.214573,0.0962424,-0.0399546],
					[0.327394,0.146846,0.236735]
				]
		},
		{
		"#3-1": [
					[0.460426,0.0292877,-0.0130009],
					[0.242392,0.0154185,0.131566],
					[-0.425365,-0.0270574,1],
					[0.133172,0.00847108,0.218473]
				]
		},
		{
		"#4-1": [
					[0.000873587,0.0016696,-0.00329121],
					[0.223127,0.426442,-0.170037],
					[-0.0771347,-0.14742,0.430968],
					[0.203819,0.389539,0.0119343]
				]
		}
	]
}
