{
	"width": 500,
	"height": 500,
	"linearGradients": [
		{
		"#1-1": [
					[-0.246402,-0.248238,0.503638],
					[0.309672,0.31198,-0.0362532],
					[0.30988,0.312189,-0.0364818],
					[0.00512047,0.00515862,0.994194]
				]
		},
		{
		"#2-1": [
					[0.64947,0.339447,0.0579],
					[0.43762,0.228723,0.438786],
					[-0.0444032,-0.0232074,0.0330941],
					[-0.22022,-0.115099,0.569186]
				],
		"#2-2": [
					[-0.394298,-0.0718471,0.683206],
					[0.228845,0.041699,0.0568275],
					[0.393911,0.0717765,0.0594097],
					[0.00139638,0.000254442,0.799256]
				],
		"#2-3": [
					[0.499422,0.105485,0.150489],
					[0.0484433,0.0102319,0.640406],
					[-0.0179368,-0.00378852,0.073073],
					[-0.105366,-0.0222547,0.478874]
				]
		},
		{
		"#3-1": [
					[0.000913335,0.000121288,-0.000531878],
					[-0.00599254,-0.000795793,0.00318013],
					[-0.00594468,-0.000789437,0.00319795],
					[-0.0753436,-0.0100054,0.0251716]
				]
		},
		{
		"#4-1": [
					[-0.534297,-0,0.61816],
					[0.0569972,0,0.149085],
					[0.0441992,0,0.15242],
					[0.368896,0,0.259543]
				]
		}
	]
}
